<ArrayOfChangeReason xmlns="http://schemas.datacontract.org/2004/07/IndiaTango.Models" xmlns:i="http://www.w3.org/2001/XMLSchema-instance"><ChangeReason><ID>1</ID><Reason>Repeated value (sensor 'stalled')</Reason></ChangeReason><ChangeReason><ID>2</ID><Reason>Data out of expected measurement range</Reason></ChangeReason><ChangeReason><ID>3</ID><Reason>Sensor out of water</Reason></ChangeReason><ChangeReason><ID>4</ID><Reason>Calibration</Reason></ChangeReason><ChangeReason><ID>5</ID><Reason>Correcting long-term sensor drift</Reason></ChangeReason><ChangeReason><ID>6</ID><Reason>Adjustment of sensor offset</Reason></ChangeReason><ChangeReason><ID>7</ID><Reason>Invalid Data</Reason></ChangeReason><ChangeReason><ID>8</ID><Reason>Rate of change between measurements exceeds expected maximum</Reason></ChangeReason><ChangeReason><ID>9</ID><Reason>Data exceeds expected range of short-term variation</Reason></ChangeReason><ChangeReason><ID>10</ID><Reason>Filling missing values</Reason></ChangeReason><ChangeReason><ID>11</ID><Reason>Temperature correction of measurements</Reason></ChangeReason><ChangeReason><ID>12</ID><Reason>Back-calibration</Reason></ChangeReason></ArrayOfChangeReason>