{"chunk_definitions":[{"chunk_id":"crdvs0mul13q8","chunk_label":"unnamed-chunk-11","document_id":null,"expansion_state":0,"options":[],"row":155,"row_count":1,"visible":true},{"chunk_id":"cqmut8p4yozb8","chunk_label":"unnamed-chunk-18","document_id":null,"expansion_state":0,"options":[],"row":246,"row_count":1,"visible":true},{"chunk_id":"c9za8bp9deajk","chunk_label":"unnamed-chunk-23","document_id":null,"expansion_state":0,"options":[],"row":326,"row_count":1,"visible":true},{"chunk_id":"chzbtd8fsv07v","chunk_label":"unnamed-chunk-29","document_id":null,"expansion_state":0,"options":[],"row":421,"row_count":1,"visible":true},{"chunk_id":"c9i10vcc8gfef","chunk_label":"unnamed-chunk-31","document_id":null,"expansion_state":0,"options":[],"row":464,"row_count":1,"visible":true}],"doc_write_time":1543447682}